-- Add migration script here

INSERT INTO well (id,name,"comment","type") VALUES
	 (1,'Well 1',NULL,'GW'),
	 (2,'River 1',NULL,'SW');

INSERT INTO pump (id,name,"comment") VALUES
	 (1,'Pump 1',NULL),
	 (2,'Pump 2',NULL);

INSERT INTO sample_type (id,name,variant ) VALUES
	 (1,'Trace 1',"100mL"),
	 (2,'Trace 2',"200mL");

INSERT INTO people (id,name) VALUES
	 (1,'USER 1'),
	 (2,'USER 2'),
	 (3,'USER 3');

INSERT INTO task (id,done,serial,well_id,"depth") VALUES
	 (1,true,'GW-1',1,'10'),
	 (2,false,'SW-1',2,'R');

INSERT INTO sample_set (task_id,sample_type_id,qty) VALUES
	 (1,1,1),
	 (1,2,1),
	 (2,1,2),
	 (2,2,1);

INSERT INTO task_info (id,task_id,calibration,purging_time,water_level,pump_id,pump_depth,pump_freq,pump_rate,hose_setup,sampling_time,sample_wt_radium,"comment") VALUES
	 (1,1,NULL,'2025-01-01 08:00:00',NULL,NULL,NULL,NULL,NULL,NULL,'2025-01-01 08:10:00',NULL,NULL),
	 (2,1,NULL,'2025-01-01 08:10:00',NULL,NULL,NULL,NULL,NULL,NULL,'2025-01-01 09:00:00',NULL,'<p>Some note.</p>'),
	 (3,2,NULL,NULL,NULL,NULL,NULL,NULL,NULL,NULL,'2025-01-01 10:00:00',NULL,NULL);

INSERT INTO task_minuted_by (task_info_id,people_id) VALUES
	 (1,1),
	 (1,2),
	 (2,3);

INSERT INTO task_sampled_by (task_info_id,people_id) VALUES
	 (1,1),
	 (1,2),
	 (2,3);

INSERT INTO sensor_data (task_id,"datetime",temp_internal,cndct,spcndct,sa,tds,ph,orp,do_con,do_sat,turbidity,batt,pres,"depth",ppo2,resis,wtr_d,ph_mv,temp_sensor,v,pres_baro) VALUES
	 (1,'2025-01-01 08:10:00',22.6119,526.245,385.136,0.206156,289.339,7.40582,173.966,5.43175,56.0774,NULL,NULL,NULL,NULL,NULL,2402.43,NULL,NULL,NULL,NULL,NULL),
	 (1,'2025-01-01 08:15:00',22.6197,526.924,385.791,0.206473,289.764,7.40086,172.221,5.33604,55.0675,NULL,NULL,NULL,NULL,NULL,2378.52,NULL,NULL,NULL,NULL,NULL),
	 (1,'2025-01-01 08:20:00',22.5239,526.677,385.497,0.206336,289.573,7.40294,169.584,5.23239,54.0821,NULL,NULL,NULL,NULL,NULL,2299.41,NULL,NULL,NULL,NULL,NULL),
	 (1,'2025-01-01 08:25:00',22.2365,526.756,385.368,0.206372,289.489,7.40594,166.954,5.14173,53.1285,NULL,NULL,NULL,NULL,NULL,2399.49,NULL,NULL,NULL,NULL,NULL),
	 (1,'2025-01-01 08:30:00',22.3499,526.724,385.211,0.206194,289.387,7.40294,165.011,5.04762,52.1398,NULL,NULL,NULL,NULL,NULL,2369.67,NULL,NULL,NULL,NULL,NULL),
	 (1,'2025-01-01 08:35:00',21.1602,526.722,385.117,0.206157,289.326,7.401,162.434,4.96579,51.3241,NULL,NULL,NULL,NULL,NULL,2396.68,NULL,NULL,NULL,NULL,NULL),
	 (1,'2025-01-01 08:40:00',21.1709,526.815,385.118,0.206148,289.327,7.39776,160.219,4.89553,50.6084,NULL,NULL,NULL,NULL,NULL,2389.15,NULL,NULL,NULL,NULL,NULL),
	 (1,'2025-01-01 08:45:00',21.1804,526.767,385.088,0.206173,289.307,7.40554,156.566,4.82426,49.8607,NULL,NULL,NULL,NULL,NULL,2388.85,NULL,NULL,NULL,NULL,NULL),
	 (1,'2025-01-01 08:50:00',21.1896,526.562,384.999,0.206039,289.249,7.40008,154.163,4.76295,49.2355,NULL,NULL,NULL,NULL,NULL,2378.88,NULL,NULL,NULL,NULL,NULL),
	 (1,'2025-01-01 08:55:00',21.1934,526.362,384.965,0.206672,289.227,7.40028,149.905,4.70355,48.6147,NULL,NULL,NULL,NULL,NULL,2388.87,NULL,NULL,NULL,NULL,NULL),
	 (1,'2025-01-01 09:00:00',21.1934,526.162,384.963,0.206077,289.027,7.40018,145.705,4.60325,49.6341,NULL,NULL,NULL,NULL,NULL,2296.89,NULL,NULL,NULL,NULL,NULL);
